book_id,hash
1,ba728548c68d95b7
10,dc243b21f3a3f258
100,9bddcce673c17080
102,e61b8f6c70a1855b
108,c565bb63a4266b32
110,bc40b26ad03f7ab4
111,c9db8e9af2a4cc30
112,8587d2f878e40fd4
115,c252bc38cbe5665c
116,88966d3d96e13cd2
117,85b13e3f6ac5e540
119,f06e61f1b44ecb24
12,a4e32d91567e2b0d
120,966168da70c5c77a
123,af25c4d8703f87c1
126,f8876a9738872e70
127,9ed3973c69226269
128,e3338ccc3363969a
129,ba3a81b5c5e0e09f
130,aab2b56e4ad195e0
131,83fc5b06a0db7c83
133,ace494e6bcc6c741
135,80c03f3f694bc1bd
137,e4999966cc3993cc
139,954299e76ab16995
14,eaca6ac295359535
141,ea4a9595686a9795
142,95cbe1814bb57a70
143,cce0528f1e7b251e
147,bc8b9678cbc69861
148,d52f2ad00a6d2e2f
15,be696994c64b9313
153,9d99b33326cccc8c
154,cab8bfef881610c6
156,c6e63999666c0e33
157,d85ab94f27cb0632
158,b2b512e361c9c3c7
162,b62ac9a79865cb98
163,f0e0c70d3878bc1f
164,daca2d955752ca23
165,9b537a7c84c46c5c
166,bbceb439c631e0c2
167,ff21298eaa69aa86
169,85c0787ba5b83337
170,d2fe1b092dd24e29
171,b7c8e86298d9a699
172,8742af3d3f69418a
173,d944fb8a448aa7d9
174,ecb4075a8d67708b
175,b9c4869b3367942d
176,829e5f7ebdc8a003
178,a054827f2b7fa1d4
180,d8a7671c8741be0e
182,964eeb31b54bce04
183,9582e77f08653ee0
184,e761c026ef43d0f8
185,ff000c9c62c7db74
186,a1bd1fd09ec0d0cd
188,c1c261db25c557d3
189,aa971272cd5037e5
191,9dd672b9cc64382c
192,cadb2ac41dafe844
193,abb5384c45d94b47
196,da6b296546960e8f
197,bad4dd2bc4691364
199,ef6e783a17c1c580
20,b44cbd2248b3635f
200,e07c3319cc373b1c
202,aab5d74a03953dc2
203,c6bc9be6d8ca112a
204,d141bc9c9f337898
205,81d54a933a5fa476
206,cc378148fe4abb25
209,c0d13f634a33374d
210,c71ae73d287d3061
211,c3b427db3c439964
212,d46f3267831e59c1
214,d3f71c0e03e1783c
215,f637c9c8189bc564
216,99ab35470b19770b
217,88b437cbc8a69d59
220,d02681bf5be20fd4
221,8d7963c59ec03987
222,91846e71a84bc57f
225,e237190d04b67af3
227,a960969e8cc3f1cd
228,f19c4e3947fcd081
229,ceb1714e1869e792
23,9d452290dfb770aa
231,94396fc87895395a
24,d46b919669946ad9
25,b7396cc6999391c4
26,86754d573269259e
28,b5b25a5b4e243476
29,d2850de0766d1f53
3,8d35b203db5bd845
31,846be73dc19d680e
33,9aa3255d6296ef21
35,9aa79871629a65d6
38,dc165e2e7ef070c0
39,9720559ba8d76a2e
4,bcc74996cf386198
41,d16c939e2432366f
42,d0d0e20e3f2f36c5
44,9d1475492b2a2bdb
45,e8d60379053d475d
46,b9c66bc6c238399c
47,cd1cb2cdcf3038c3
49,c3f9bd843603b06b
50,9c9ab3858db1b3c4
51,b3c435a2484bee3d
53,d49bbfc65909c681
54,f1936c5b658e9825
55,d17c2ed3946c3b90
57,c992feab913e0bc0
58,af1ad2e2851a3a6d
6,b818926eccc76e8e
60,be85cd4ab4916ac3
62,90f52e25393c6e33
64,98464e1975687677
66,c0c4651bdafa3e0d
68,bf37c3c0d0303727
69,a020d4fd8b9b3fc1
7,972c6883bcce6993
71,87ca59a164bce8e3
74,8e2573835c2c6bad
75,ff80817f025f80f3
77,ff312986aa698a96
79,ffc0c03ec74785c1
8,ffaac12a0d0b96f0
80,da7f6fa02442494f
82,cbafdb6954d08462
83,83ce74fcc2c1ccc3
85,fb3e163991c1c1e4
87,d79628283dd67893
88,bb6dc4944293953e
89,b304441c137b7cdf
9,a7c09e689ec2b9e4
90,cba36c569932b0b3
91,d166279136386e3b
92,8a57260ab5f9d564
93,bfe0c01f9c2bc09d
95,fa85847bcc66914e
96,99c8e6e2991b913e
99,89d4e5c8376f0c78
